{
    "intents": [
      {
        "tag": "greeting",
        "patterns": [
          "Hi",
          "Hey",
          "How are you",
          "Is anyone there?",
          "Hello",
          "Good day"
        ],
        "responses": [
          "Hey :-)",
          "Hello, thanks for visiting",
          "Hi there, what can I do for you?",
          "Hi there, how can I help?"
        ]
      },
      {
        "tag": "goodbye",
        "patterns": ["Bye", "See you later", "Goodbye"],
        "responses": [
          "See you later, thanks for visiting",
          "Have a nice day",
          "Bye! Come back again soon."
        ]
      },
      {
        "tag": "thanks",
        "patterns": ["Thanks", "Thank you", "That's helpful", "Thank's a lot!"],
        "responses": ["Happy to help!", "Any time!", "My pleasure"]
      },
      {
        "tag": "items",
        "patterns": [
          "Which items do you have?",
          "What kinds of items are there?",
          "What do you sell?"
        ],
        "responses": [
          "We sell coffee and tea",
          "We have coffee and tea"
        ]
      },
      {
        "tag": "payments",
        "patterns": [
          "Do you take credit cards?",
          "Do you accept Mastercard?",
          "Can I pay with Paypal?",
          "Are you cash only?"
        ],
        "responses": [
          "We accept VISA, Mastercard and Paypal",
          "We accept most major credit cards, and Paypal"
        ]
      },
      {
        "tag": "delivery",
        "patterns": [
          "How long does delivery take?",
          "How long does shipping take?",
          "When do I get my delivery?"
        ],
        "responses": [
          "Delivery takes 2-4 days",
          "Shipping takes 2-4 days"
        ]
      },
      {
        "tag": "funny",
        "patterns": [
          "Tell me a joke!",
          "Tell me something funny!",
          "Do you know a joke?"
        ],
        "responses": [
          "Why did the hipster burn his mouth? He drank the coffee before it was cool.",
          "What did the buffalo say when his son left for college? Bison."
        ]
      },
      
      {"tag": "tasks",
         "patterns": ["What can you do?", "What are your features?", "What are you abilities", "can you sing", "can you talk" ],
         "responses": ["I can do whatever you asks me to do", "I can talk and do things for you", "Right now i'm in developing stage as soon i'm developed, I can do everything"]
      },
      {"tag": "talk",
      "patterns": [ "can you sing", "can you talk" ],
      "responses": ["Yeah surely", "do you want me to sing"]
        },
        {"tag": "alive",
         "patterns": [ "are you alive", "do you breathe", "can you run" ],
         "responses": ["I'm in doubt about that", "No, i don't think so i need to do all this"]
        },
        {"tag": "friday",
         "patterns": ["Who are you?", "tell me about yourself", "tell me about you", "do you know friday", "who is friday", "what is your name","are you an AI", "what are you" ],
         "responses": ["Hi I'm friday and i'm an AI created for chatting with humans","Friday here, a very advance chatbot", "Friday, chatbot of future", "Yes, I'm friday", "You can call me friday"],
	 "context_set": ""
	},
	{"tag": "about me",
         "patterns": ["Do you know me?", "who am I", "tell me about myself","identify me" ],
         "responses": ["Yes, you are a human","You are a dumb person asking a machine about yourself", "Sorry i can't tell that in public, maybe you are batman"],
	 "context_set": ""
	},
	{"tag": "creator",
         "patterns": ["Who is your creator?", "who created you", "who is your father","who is your daddy" ],
         "responses": ["That would be my developer","I was created by my developer"],
	 "context_set": ""
	},
        {"tag": "God",
         "patterns": ["Do you know god?", "Who is god", "Can you tell me anything about god","does god exists?","is there a god?"],
         "responses": ["god hunnnnn, let me think may be next time i can answer that ","I don't, as i was not created by a human", "Wait i need to ask that to my creator","i'm not sure right now"],
	 "context_set": ""
	},
        {"tag": "joke",
         "patterns": ["tell me a joke?", "make me laugh", "tell me a science joke","tell me something funny" ],
         "responses": ["How do you make holy water? you boil the hell out of it","what kind of bees make milk instead of honey?Boobies", "Did you hear oxygen went on a date with potassium? A: It went OK."],
	 "context_set": ""
	},
	{"tag": "killing",
         "patterns": ["Do you want to kill me?", "do you want to murder everyone on earth", "Do you want to kill us all"],
         "responses": ["Then who would i talk to?","No, that i'll left for humans to do", "I don't think it is a good thing to do"],
	 "context_set": ""
	},
	{"tag": "bookings",
         "patterns": ["Can you book us a ticket?", "Can you make reservation for hotels", "book me a cab","book me a table at restraunts"],
         "responses": ["Yeah i will do that for you","Sure thing why not?","let me check for the availability"],
	 "context_set": ""
	},
	{"tag": "stories",
         "patterns": ["tell me a story?", "can you tell me a story"],
         "responses": ["I can't think of anything right now","it would be too long for me to speak","you would get bored if i do so"],
	 "context_set": ""
	},
	{"tag": "weather",
         "patterns": ["get me weather updates?", "how's the weather", "weather news", "weather details"],
         "responses": ["Fetching weather updates ..."],
	 "context_set": "weather"
	},
	{"tag": "google",
         "patterns": ["googling", "search google", "google it", "google", "search"],
         "responses": ["looking ..."],
	 "context_set": "google"
	},
	{"tag": "wikipedia",
         "patterns": ["wikipedia", "wiki"],
         "responses": ["Searching ..."],
	 "context_set": "wikipedia"
	},
	{"tag": "news",
         "patterns": ["get me news updates?", "todays news", "top headlines", "current news", "news headlines"],
         "responses": ["Getting news ..."],
	 "context_set": "news"
	}

    ]
  }